{
  "hosts": [
    {
      "ip": "192.168.1.1",
      "hostname": "router.local",
      "ports": [80, 443, 22],
      "os": "Linux"
    },
    {
      "ip": "192.168.1.10",
      "hostname": "web-server.local",
      "ports": [80, 443],
      "os": "Ubuntu"
    },
    {
      "ip": "192.168.1.20",
      "hostname": "db-server.local",
      "ports": [3306],
      "os": "CentOS"
    }
  ],
  "connections": [
    {
      "source": "192.168.1.1",
      "target": "192.168.1.10",
      "protocol": "tcp",
      "port": 443
    },
    {
      "source": "192.168.1.10",
      "target": "192.168.1.20",
      "protocol": "tcp",
      "port": 3306
    }
  ]
}

